{"cameraMode":{"drawMode":0,"name":"Shaded","section":"Shading Mode"},"sceneLighting":false,"audioPlay":false,"sceneViewState":{"m_AlwaysRefresh":false,"showFog":true,"showSkybox":false,"showFlares":true,"showImageEffects":true,"showParticleSystems":true,"showVisualEffectGraphs":true,"m_FxEnabled":true},"in2DMode":false,"pivot":{"x":-0.07590031623840332,"y":1.6716793775558472,"z":-0.23572826385498048},"rotation":{"x":0.09944692999124527,"y":0.7392070293426514,"z":-0.11195429414510727,"w":0.6566211581230164},"size":7.166891574859619,"orthographic":false}